{"current":{"color_body_bg":"#ffffff","color_borders":"#dddddd","color_primary":"#f45b4f","color_button_primary_text":"#ffffff","color_secondary":"#bbbbbb","color_button_secondary_text":"#ffffff","color_body_text":"#333333","color_footer_social_link":"#555555","type_base_family":"'HelveticaNeue', 'Helvetica Neue', Helvetica, Arial, sans-serif","type_base_size":"16px","type_header_family":"Google_Cabin_500_sans","type_header_size":"32px","type_accent_family":"'HelveticaNeue', 'Helvetica Neue', Helvetica, Arial, sans-serif","type_accent_size":"16px","logo_use_image":false,"logo_max_width":"450","nav_below_logo":true,"left_aligned_logo":false,"show_header_lines":true,"favicon_enable":false,"header_message":"","header_search_enable":true,"footer_blog_enable":true,"footer_blog":"news","footer_quicklinks_enable":true,"footer_quicklinks_linklist":"footer","footer_second_menu_enable":false,"footer_second_menu":"","footer_social_enable":true,"footer_contact_enable":false,"footer_contact_text":"","footer_newsletter_enable":false,"newsletter_form_action":"","footer_show_methods_of_payment":true,"show_footer_lines":true,"home_section_1":"","home_section_2":"","home_section_3":"","home_section_4":"","slider_home_auto":true,"slider_home_show_dots":false,"slider_home_rate":"7000","slider_home_transition":"slide","slide_1":true,"slide_1_link":"","slide_1_alt":"","slide_2":true,"slide_2_link":"","slide_2_alt":"","slide_3":false,"slide_3_link":"","slide_3_alt":"","slide_4":false,"slide_4_link":"","slide_4_alt":"","slide_5":false,"slide_5_link":"","slide_5_alt":"","slide_6":false,"slide_6_link":"","slide_6_alt":"","home_featured_product":"","home_featured_products":"","home_featured_products_num":"3","home_featured_products_row_num":"3","home_featured_products_show_heading":false,"home_page_content":"frontpage","home_page_show_heading":true,"product_quantity_enable":true,"product_image_zoom_type":"lightbox","product_thumbnails_position":"right","product_related_enable":true,"collections_show_sale_circle":true,"collections_show_sold_out_circle":true,"collections_sort_enable":true,"collections_tags_enable":true,"collections_products_per_row":"4","collections_rows":"3","cart_notes_enable":false,"cart_enable_ajax":false,"social_twitter_link":"https:\/\/twitter.com\/shopify","social_facebook_link":"https:\/\/www.facebook.com\/shopify","social_pinterest_link":"https:\/\/www.pinterest.com\/shopify","social_google_plus_link":"","social_instagram_link":"https:\/\/instagram.com\/shopify","social_tumblr_link":"","social_youtube_link":"","social_vimeo_link":"","social_fancy_link":"","social_rss_link":"","social_sharing_products":true,"social_sharing_blog":true,"social_sharing_count":true,"share_facebook":true,"share_twitter":true,"share_pinterest":true,"share_fancy":true,"share_google":true,"custCity":"a, b, c","custProvince":"aa, bb, cc","custHowHear":"test1, test2, test3, Other","filter_enable":true,"filter_title":"Filters By","enable_shop_by_tags_1":true,"shop_by_tags_1_title":"","shop_by_color_text_1":"Red","shop_by_color_1":"#f50000","shop_by_color_text_2":"blue","shop_by_color_2":"#005ff5","shop_by_color_text_3":"white","shop_by_color_3":"#fff","shop_by_color_text_4":"pink","shop_by_color_4":"#ff019e","shop_by_color_text_5":"pink","shop_by_color_5":"#ff019e","shop_by_color_text_6":"pink","shop_by_color_6":"#ff019e","shop_by_color_text_7":"pink","shop_by_color_7":"#ff019e","shop_by_color_text_8":"pink","shop_by_color_8":"#ff019e","shop_by_color_text_9":"pink","shop_by_color_9":"#ff019e","shop_by_color_text_10":"pink","shop_by_color_10":"#ff019e","enable_shop_by_tags_2":true,"shop_by_tags_2_title":"","shop_by_tags_2_list_tags":"","enable_shop_by_tags_3":true,"shop_by_tags_3_title":"","shop_by_tags_3_list_tags":"","brands_enable":false,"checkout_header_image":"","checkout_use_storefront_logo":false,"checkout_logo_image":"","checkout_logo_position":"left","checkout_logo_size":"medium","checkout_body_background_image":"","checkout_body_background_color":"#ffffff","checkout_input_background_color_mode":"white","checkout_sidebar_background_image":"","checkout_sidebar_background_color":"#fafafa","checkout_heading_font":"Helvetica Neue","checkout_body_font":"Helvetica Neue","checkout_accent_color":"#bbbbbb","checkout_button_color":"#f45b4f","checkout_error_color":"#f45b4f","SelectCountry":"india","countryUrl":"https:\/\/www.google.co.in","checkout_use_header_image":false,"checkout_logo":"","checkout_use_body_background_image":false,"checkout_use_sidebar_background_image":false,"sections":{"country":{"type":"country","blocks":{"1489654124431":{"type":"quote","settings":{"SelectCountry":"india","countryUrl":"https:\/\/manju-chd.myshopify.com"}},"1489654174707":{"type":"quote","settings":{"SelectCountry":"aus","countryUrl":"https:\/\/www.google.co.in"}},"1489654217954":{"type":"quote","settings":{"SelectCountry":"uk","countryUrl":"https:\/\/help.shopify.com"}}},"block_order":["1489654124431","1489654174707","1489654217954"],"settings":{}},"slider":{"type":"slider","blocks":{"1496140991790":{"type":"quote","settings":{"slideImage":"shopify:\/\/shop_images\/kendrick1_48c02775-eadb-4147-82f1-f1945d2f5d98.jpg","slideTitle":"kendirck1","slideLink":"kartel.co.uk"}},"1496141036412":{"type":"quote","settings":{"slideImage":"shopify:\/\/shop_images\/kendrick2.jpg","slideTitle":"kendrick2","slideLink":"kartel.co.uk"}},"1496141076921":{"type":"quote","settings":{"slideImage":"shopify:\/\/shop_images\/kendrick3.jpg","slideTitle":"kendirck3","slideLink":"kendrick.co.uk"}},"1496141103632":{"type":"quote","settings":{"slideImage":"shopify:\/\/shop_images\/kendrick1_d0a70842-5355-4b9b-91cd-7fb933a33da0.jpg","slideTitle":"","slideLink":""}},"1496141117181":{"type":"quote","settings":{"slideImage":"shopify:\/\/shop_images\/kendrick2_5e95f7e6-7aba-442e-b180-0cca111e187e.jpg","slideTitle":"","slideLink":""}},"1496141134360":{"type":"quote","settings":{"slideImage":"shopify:\/\/shop_images\/kendrick3_e3b2c604-6395-49ac-9372-7a700637130b.jpg","slideTitle":"","slideLink":""}},"1496141158743":{"type":"quote","settings":{"slideImage":"shopify:\/\/shop_images\/kendrick1_5bac8fa5-e518-4c80-a479-73fa66aca81e.jpg","slideTitle":"","slideLink":""}},"1496141177141":{"type":"quote","settings":{"slideImage":"shopify:\/\/shop_images\/kendrick2_f5fe9e2d-af25-4ed5-a836-d93b6f24136b.jpg","slideTitle":"","slideLink":""}},"1496141192219":{"type":"quote","settings":{"slideImage":"shopify:\/\/shop_images\/kendrick3_2ce2f6da-343d-4a5a-96cf-4b9f9939ae38.jpg","slideTitle":"","slideLink":""}}},"block_order":["1496140991790","1496141036412","1496141076921","1496141103632","1496141117181","1496141134360","1496141158743","1496141177141","1496141192219"],"settings":{}},"1529384387548":{"type":"contact-form","settings":{"Title":"","formTitle":"We really like to help","formSubtitle":"Contact us for a no-obligation design consult","messangerInfo":"<p>Messanger Info<\/p>"}},"test-alternate":{"type":"test-alternate","blocks":{"test-alternate-0":{"type":"image_with_text_overlay","settings":{"image":"shopify:\/\/shop_images\/kendrick1_d0a70842-5355-4b9b-91cd-7fb933a33da0.jpg","pretext":"<p>Introducing Your<\/p>","title":"Page Details Template","subtitle":"<p>Let's Get Started!<\/p>","caption_background":false,"caption_background_transparency":false,"text_position":"center","text_align":"center","button1":"","button1_link":"","button1_highlight":false,"button2":"","button2_link":"","button2_highlight":false}},"test-alternate-1":{"type":"divider","settings":{"divider_spacing":20,"divider_border":false}},"test-alternate-2":{"type":"rich_text_and_image","settings":{"image":"","title":"Talk about your brand","content":"<p>Use this text to share information about your brand with your customers.<\/p><p>Describe a product, share announcements, or welcome customers to your store.<\/p>","text_size":"featured_text","text_alignment":"center","button_label":"","button_link":""}},"test-alternate-3":{"type":"divider","settings":{"divider_spacing":10,"divider_border":false}},"test-alternate-4":{"type":"featured_collection","settings":{"title":"Featured collection","collection":"","collection_style":"grid","products_per":4,"products_limit":8}},"test-alternate-5":{"type":"divider","settings":{"divider_spacing":10,"divider_border":false}},"test-alternate-6":{"type":"featured_video","settings":{"source":"youtube","aspect_ratio":"16:9","autoplay":false,"autoloop":true,"video_dark_overlay":false,"video":"https:\/\/www.youtube.com\/watch?v=_9VUPq3SxOc","mp4":"","ogv":"","image":"","display_text_over_video":false,"pretext":"","title":"Featured Video Section","subtitle":"","text_position":"center","text_align":"center","caption_background":false,"caption_background_transparency":false,"button1_label":"Play Video","button1_link":"","button1_highlight":false,"button2_label":"","button2_link":"","button2_highlight":false}},"test-alternate-7":{"type":"image_with_text","settings":{"frontpage_text_align":"left","frontpage_image_position":"left","image":"","title":"Your headline","text":"<p>Promotion description appears here.<\/p>","link":"","button_label":"View all"}},"test-alternate-8":{"type":"image_with_text","settings":{"frontpage_text_align":"left","frontpage_image_position":"right","image":"","title":"Your headline","text":"<p>Promotion description appears here.<\/p>","link":"","button_label":"View all"}},"test-alternate-9":{"type":"divider","settings":{"divider_spacing":10,"divider_border":false}},"test-alternate-10":{"type":"blog_posts","settings":{"title":"Blog posts","blog_widget_select":"","home_page_articles":3,"blog_tags":false,"blog_author":false,"blog_date":true,"blog_comment_count":true,"read_more_link":true}},"test-alternate-11":{"type":"divider","settings":{"divider_spacing":10,"divider_border":false}},"test-alternate-12":{"type":"contact_form","settings":{"contact_heading":"Get in touch","contact_subheading":"Leave a message","contact_content":"<p>Phasellus viverra nulla ut metus varius laoreet. Etiam sollicitudin, ipsum eu pulvinar rutrum, tellus ipsum laoreet sapien, quis venenatis ante odio sit amet eros. Etiam imperdiet imperdiet orci.<\/p>","contact_text_position":"left","contact_text_alignment":"left"}},"test-alternate-13":{"type":"divider","settings":{"divider_spacing":10,"divider_border":false}},"test-alternate-14":{"type":"map","settings":{"contact_address":"","zoom_level":12,"map_height":400,"map_stretch":true,"map_greyscale":false,"map_scrolling":false}},"test-alternate-15":{"type":"divider","settings":{"divider_spacing":20,"divider_border":false}},"test-alternate-16":{"type":"image_gallery","settings":{"page_landing_image_1":"","page_landing_image_2":"","page_landing_image_3":""}},"test-alternate-17":{"type":"divider","settings":{"divider_spacing":20,"divider_border":false}},"test-alternate-18":{"type":"quote","settings":{"page_quote":"<p><i>40% of online shoppers abandon a site that takes more than 3 seconds to load<\/i><\/p>","quote_link":""}},"test-alternate-19":{"type":"divider","settings":{"divider_spacing":20,"divider_border":false}}},"block_order":["test-alternate-0","test-alternate-1","test-alternate-2","test-alternate-3","test-alternate-4","test-alternate-5","test-alternate-6","test-alternate-7","test-alternate-8","test-alternate-9","test-alternate-10","test-alternate-11","test-alternate-12","test-alternate-13","test-alternate-14","test-alternate-15","test-alternate-16","test-alternate-17","test-alternate-18","test-alternate-19"],"settings":{}},"faq-section":{"type":"faq-section","blocks":{"faq-section-0":{"type":"heading","settings":{"heading":"Section"}},"faq-section-1":{"type":"Content","settings":{"title":"Title","subtitle":"<p>Suspendisse feugiat. Fusce commodo aliquam arcu. Phasellus leo dolor, tempus non, auctor et, hendrerit quis, nisi.<\/p>"}},"faq-section-2":{"type":"Content","settings":{"title":"Title","subtitle":"<p>Suspendisse feugiat. Fusce commodo aliquam arcu. Phasellus leo dolor, tempus non, auctor et, hendrerit quis, nisi.<\/p>"}},"faq-section-3":{"type":"Content","settings":{"title":"Title","subtitle":"<p>Suspendisse feugiat. Fusce commodo aliquam arcu. Phasellus leo dolor, tempus non, auctor et, hendrerit quis, nisi.<\/p>"}},"faq-section-4":{"type":"heading","settings":{"heading":"Section"}},"faq-section-5":{"type":"Content","settings":{"title":"Title","subtitle":"<p>Suspendisse feugiat. Fusce commodo aliquam arcu. Phasellus leo dolor, tempus non, auctor et, hendrerit quis, nisi.<\/p>"}},"faq-section-6":{"type":"Content","settings":{"title":"Title","subtitle":"<p>Suspendisse feugiat. Fusce commodo aliquam arcu. Phasellus leo dolor, tempus non, auctor et, hendrerit quis, nisi.<\/p>"}},"faq-section-7":{"type":"Content","settings":{"title":"Title","subtitle":"<p>Suspendisse feugiat. Fusce commodo aliquam arcu. Phasellus leo dolor, tempus non, auctor et, hendrerit quis, nisi.<\/p>"}},"1533191999742":{"type":"heading","settings":{"heading":"Section"}},"1533192003813":{"type":"Content","settings":{"title":"Title","subtitle":"<p>Suspendisse feugiat. Fusce commodo aliquam arcu. Phasellus leo dolor, tempus non, auctor et, hendrerit quis, nisi.<\/p>"}},"1533192006739":{"type":"Content","settings":{"title":"Title","subtitle":"<p>Suspendisse feugiat. Fusce commodo aliquam arcu. Phasellus leo dolor, tempus non, auctor et, hendrerit quis, nisi.<\/p>"}},"1533192009878":{"type":"Content","settings":{"title":"Title","subtitle":"<p>Suspendisse feugiat. Fusce commodo aliquam arcu. Phasellus leo dolor, tempus non, auctor et, hendrerit quis, nisi.<\/p>"}},"1533192012421":{"type":"Content","settings":{"title":"Title","subtitle":"<p>Suspendisse feugiat. Fusce commodo aliquam arcu. Phasellus leo dolor, tempus non, auctor et, hendrerit quis, nisi.<\/p>"}},"1533192015705":{"type":"Content","settings":{"title":"Title","subtitle":"<p>Suspendisse feugiat. Fusce commodo aliquam arcu. Phasellus leo dolor, tempus non, auctor et, hendrerit quis, nisi.<\/p>"}},"1533192023401":{"type":"Content","settings":{"title":"Title","subtitle":"<p>Suspendisse feugiat. Fusce commodo aliquam arcu. Phasellus leo dolor, tempus non, auctor et, hendrerit quis, nisi.<\/p>"}},"1533192026308":{"type":"Content","settings":{"title":"Title","subtitle":"<p>Suspendisse feugiat. Fusce commodo aliquam arcu. Phasellus leo dolor, tempus non, auctor et, hendrerit quis, nisi.<\/p>"}}},"block_order":["faq-section-0","faq-section-1","faq-section-2","faq-section-3","faq-section-4","faq-section-5","faq-section-6","faq-section-7","1533192015705","1533191999742","1533192003813","1533192006739","1533192009878","1533192012421","1533192023401","1533192026308"],"settings":{"title":"Page FAQ Template","subtitle":"<p>Create an amazing FAQ page with a full-width banner<\/p>"}}},"content_for_index":["1529384387548"]},"presets":{"Red and black":{"color_body_bg":"#ffffff","color_borders":"#dddddd","color_primary":"#f45b4f","color_button_primary_text":"#ffffff","color_secondary":"#bbbbbb","color_button_secondary_text":"#ffffff","color_body_text":"#333333","color_footer_social_link":"#555555","type_base_family":"'HelveticaNeue', 'Helvetica Neue', Helvetica, Arial, sans-serif","type_base_size":"16px","type_header_family":"Google_Cabin_500_sans","type_header_size":"32px","type_accent_family":"'HelveticaNeue', 'Helvetica Neue', Helvetica, Arial, sans-serif","type_accent_size":"16px","logo_use_image":false,"logo_max_width":"450","nav_below_logo":true,"left_aligned_logo":false,"show_header_lines":true,"favicon_enable":false,"header_message":"","header_search_enable":true,"footer_blog_enable":true,"footer_blog":"news","footer_quicklinks_enable":true,"footer_quicklinks_linklist":"footer","footer_second_menu_enable":false,"footer_second_menu":"","footer_social_enable":true,"footer_contact_enable":false,"footer_contact_text":"","footer_newsletter_enable":false,"newsletter_form_action":"","footer_show_methods_of_payment":true,"show_footer_lines":true,"home_section_1":"featured-products","home_section_2":"home-content","home_section_3":"","slider_home_auto":true,"slider_home_show_dots":false,"slider_home_rate":"7000","slider_home_transition":"slide","slide_1":true,"slide_1_link":"","slide_1_alt":"","slide_2":true,"slide_2_link":"","slide_2_alt":"","slide_3":false,"slide_3_link":"","slide_3_alt":"","slide_4":false,"slide_4_link":"","slide_4_alt":"","slide_5":false,"slide_5_link":"","slide_5_alt":"","slide_6":false,"slide_6_link":"","slide_6_alt":"","home_featured_products":"frontpage","home_featured_products_num":"3","home_featured_products_row_num":"3","home_featured_products_show_heading":false,"home_page_content":"frontpage","home_page_show_heading":true,"product_quantity_enable":true,"product_image_zoom_type":"lightbox","product_thumbnails_position":"below","product_related_enable":true,"collections_show_sale_circle":true,"collections_show_sold_out_circle":true,"collections_sort_enable":true,"collections_tags_enable":true,"collections_products_per_row":"3","collections_rows":"4","cart_notes_enable":false,"cart_enable_ajax":true,"social_twitter_link":"https:\/\/twitter.com\/shopify","social_facebook_link":"https:\/\/www.facebook.com\/shopify","social_pinterest_link":"https:\/\/www.pinterest.com\/shopify","social_google_plus_link":"","social_instagram_link":"https:\/\/instagram.com\/shopify","social_tumblr_link":"","social_youtube_link":"","social_vimeo_link":"","social_fancy_link":"","social_rss_link":"","social_sharing_products":true,"social_sharing_blog":true,"social_sharing_count":true,"share_facebook":true,"share_twitter":true,"share_pinterest":true,"share_fancy":true,"share_google":true,"checkout_use_header_image":false,"checkout_logo":"","checkout_logo_position":"left","checkout_logo_size":"medium","checkout_use_body_background_image":false,"checkout_body_background_color":"#ffffff","checkout_input_background_color_mode":"white","checkout_use_sidebar_background_image":false,"checkout_sidebar_background_color":"#fafafa","checkout_heading_font":"Helvetica Neue","checkout_body_font":"Helvetica Neue","checkout_accent_color":"#bbbbbb","checkout_button_color":"#f45b4f","checkout_error_color":"#f45b4f"}}}